"date","QUANTITY"
2010-01-01,0
2010-01-02,135
2010-01-03,81
2010-01-04,94
2010-01-05,96
2010-01-06,101
2010-01-07,59
2010-01-08,28
2010-01-09,86
2010-01-10,105
2010-01-11,104
2010-01-12,90
2010-01-13,86
2010-01-14,79
2010-01-15,35
2010-01-16,89
2010-01-17,83
2010-01-18,67
2010-01-19,94
2010-01-20,93
2010-01-21,47
2010-01-22,34
2010-01-23,46
2010-01-24,70
2010-01-25,62
2010-01-26,71
2010-01-27,96
2010-01-28,43
2010-01-29,24
2010-01-30,89
2010-01-31,107
2010-02-01,74
2010-02-02,86
2010-02-03,62
2010-02-04,48
2010-02-05,27
2010-02-06,78
2010-02-07,110
2010-02-08,64
2010-02-09,74
2010-02-10,78
2010-02-11,60
2010-02-12,39
2010-02-13,104
2010-02-14,97
2010-02-15,63
2010-02-16,62
2010-02-17,112
2010-02-18,79
2010-02-19,44
2010-02-20,128
2010-02-21,81
2010-02-22,69
2010-02-23,64
2010-02-24,59
2010-02-25,35
2010-02-26,31
2010-02-27,111
2010-02-28,111
2010-03-01,57
2010-03-02,73
2010-03-03,61
2010-03-04,61
2010-03-05,28
2010-03-06,115
2010-03-07,104
2010-03-08,75
2010-03-09,72
2010-03-10,64
2010-03-11,49
2010-03-12,31
2010-03-13,120
2010-03-14,101
2010-03-15,89
2010-03-16,148
2010-03-17,154
2010-03-18,159
2010-03-19,31
2010-03-20,130
2010-03-21,101
2010-03-22,119
2010-03-23,105
2010-03-24,98
2010-03-25,112
2010-03-26,41
2010-03-27,174
2010-03-28,153
2010-03-29,125
2010-03-30,125
2010-03-31,97
2010-04-01,117
2010-04-02,38
2010-04-03,131
2010-04-04,0
2010-04-05,145
2010-04-06,120
2010-04-07,136
2010-04-08,93
2010-04-09,53
2010-04-10,180
2010-04-11,190
2010-04-12,141
2010-04-13,140
2010-04-14,174
2010-04-15,126
2010-04-16,44
2010-04-17,219
2010-04-18,182
2010-04-19,121
2010-04-20,137
2010-04-21,168
2010-04-22,82
2010-04-23,36
2010-04-24,149
2010-04-25,98
2010-04-26,104
2010-04-27,115
2010-04-28,102
2010-04-29,91
2010-04-30,28
2010-05-01,185
2010-05-02,56
2010-05-03,110
2010-05-04,138
2010-05-05,128
2010-05-06,160
2010-05-07,33
2010-05-08,129
2010-05-09,90
2010-05-10,140
2010-05-11,124
2010-05-12,135
2010-05-13,138
2010-05-14,39
2010-05-15,226
2010-05-16,131
2010-05-17,172
2010-05-18,266
2010-05-19,164
2010-05-20,151
2010-05-21,46
2010-05-22,447
2010-05-23,175
2010-05-24,149
2010-05-25,198
2010-05-26,209
2010-05-27,87
2010-05-28,51
2010-05-29,560
2010-05-30,293
2010-05-31,1089
2010-06-01,851
2010-06-02,974
2010-06-03,863
2010-06-04,811
2010-06-05,1168
2010-06-06,578
2010-06-07,1047
2010-06-08,1286
2010-06-09,1192
2010-06-10,1107
2010-06-11,700
2010-06-12,617
2010-06-13,326
2010-06-14,682
2010-06-15,708
2010-06-16,806
2010-06-17,560
2010-06-18,503
2010-06-19,543
2010-06-20,270
2010-06-21,719
2010-06-22,661
2010-06-23,740
2010-06-24,633
2010-06-25,535
2010-06-26,499
2010-06-27,248
2010-06-28,387
2010-06-29,565
2010-06-30,524
2010-07-01,554
2010-07-02,381
2010-07-03,379
2010-07-04,145
2010-07-05,671
2010-07-06,625
2010-07-07,324
2010-07-08,469
2010-07-09,432
2010-07-10,412
2010-07-11,139
2010-07-12,532
2010-07-13,633
2010-07-14,670
2010-07-15,607
2010-07-16,676
2010-07-17,820
2010-07-18,398
2010-07-19,878
2010-07-20,685
2010-07-21,696
2010-07-22,586
2010-07-23,493
2010-07-24,174
2010-07-25,97
2010-07-26,171
2010-07-27,481
2010-07-28,321
2010-07-29,339
2010-07-30,369
2010-07-31,218
2010-08-01,131
2010-08-02,536
2010-08-03,535
2010-08-04,500
2010-08-05,470
2010-08-06,360
2010-08-07,402
2010-08-08,252
2010-08-09,462
2010-08-10,435
2010-08-11,534
2010-08-12,348
2010-08-13,286
2010-08-14,420
2010-08-15,115
2010-08-16,147
2010-08-17,137
2010-08-18,130
2010-08-19,109
2010-08-20,52
2010-08-21,216
2010-08-22,196
2010-08-23,44
2010-08-24,132
2010-08-25,118
2010-08-26,99
2010-08-27,55
2010-08-28,136
2010-08-29,148
2010-08-30,138
2010-08-31,108
2010-09-01,140
2010-09-02,103
2010-09-03,51
2010-09-04,137
2010-09-05,84
2010-09-06,97
2010-09-07,110
2010-09-08,96
2010-09-09,84
2010-09-10,46
2010-09-11,126
2010-09-12,98
2010-09-13,75
2010-09-14,93
2010-09-15,123
2010-09-16,74
2010-09-17,43
2010-09-18,115
2010-09-19,115
2010-09-20,91
2010-09-21,100
2010-09-22,85
2010-09-23,65
2010-09-24,33
2010-09-25,104
2010-09-26,63
2010-09-27,74
2010-09-28,85
2010-09-29,90
2010-09-30,91
2010-10-01,48
2010-10-02,102
2010-10-03,71
2010-10-04,78
2010-10-05,92
2010-10-06,110
2010-10-07,93
2010-10-08,47
2010-10-09,61
2010-10-10,63
2010-10-11,63
2010-10-12,106
2010-10-13,90
2010-10-14,89
2010-10-15,45
2010-10-16,76
2010-10-17,51
2010-10-18,64
2010-10-19,76
2010-10-20,77
2010-10-21,65
2010-10-22,34
2010-10-23,78
2010-10-24,54
2010-10-25,63
2010-10-26,80
2010-10-27,72
2010-10-28,73
2010-10-29,32
2010-10-30,56
2010-10-31,54
2010-11-01,63
2010-11-02,73
2010-11-03,88
2010-11-04,84
2010-11-05,37
2010-11-06,81
2010-11-07,71
2010-11-08,59
2010-11-09,60
2010-11-10,96
2010-11-11,55
2010-11-12,58
2010-11-13,46
2010-11-14,67
2010-11-15,64
2010-11-16,60
2010-11-17,74
2010-11-18,49
2010-11-19,43
2010-11-20,70
2010-11-21,70
2010-11-22,71
2010-11-23,55
2010-11-24,54
2010-11-25,0
2010-11-26,41
2010-11-27,61
2010-11-28,52
2010-11-29,53
2010-11-30,63
2010-12-01,73
2010-12-02,42
2010-12-03,33
2010-12-04,74
2010-12-05,49
2010-12-06,81
2010-12-07,72
2010-12-08,73
2010-12-09,58
2010-12-10,44
2010-12-11,72
2010-12-12,43
2010-12-13,54
2010-12-14,67
2010-12-15,57
2010-12-16,38
2010-12-17,19
2010-12-18,75
2010-12-19,61
2010-12-20,96
2010-12-21,84
2010-12-22,80
2010-12-23,71
2010-12-24,30
2010-12-25,0
2010-12-26,56
2010-12-27,98
2010-12-28,118
2010-12-29,95
2010-12-30,88
2010-12-31,48
2011-01-01,0
2011-01-02,63
2011-01-03,97
2011-01-04,91
2011-01-05,81
2011-01-06,64
2011-01-07,39
2011-01-08,107
2011-01-09,82
2011-01-10,86
2011-01-11,72
2011-01-12,82
2011-01-13,69
2011-01-14,52
2011-01-15,104
2011-01-16,75
2011-01-17,91
2011-01-18,70
2011-01-19,82
2011-01-20,93
2011-01-21,33
2011-01-22,125
2011-01-23,68
2011-01-24,102
2011-01-25,79
2011-01-26,82
2011-01-27,70
2011-01-28,45
2011-01-29,91
2011-01-30,80
2011-01-31,68
2011-02-01,0
2011-02-02,36
2011-02-03,29
2011-02-04,0
2011-02-05,78
2011-02-06,63
2011-02-07,56
2011-02-08,88
2011-02-09,92
2011-02-10,57
2011-02-11,43
2011-02-12,67
2011-02-13,71
2011-02-14,70
2011-02-15,88
2011-02-16,104
2011-02-17,76
2011-02-18,47
2011-02-19,130
2011-02-20,81
2011-02-21,82
2011-02-22,69
2011-02-23,105
2011-02-24,82
2011-02-25,35
2011-02-26,124
2011-02-27,76
2011-02-28,87
2011-03-01,91
2011-03-02,93
2011-03-03,109
2011-03-04,47
2011-03-05,104
2011-03-06,97
2011-03-07,97
2011-03-08,98
2011-03-09,83
2011-03-10,111
2011-03-11,43
2011-03-12,150
2011-03-13,92
2011-03-14,171
2011-03-15,136
2011-03-16,171
2011-03-17,187
2011-03-18,35
2011-03-19,255
2011-03-20,85
2011-03-21,132
2011-03-22,94
2011-03-23,107
2011-03-24,93
2011-03-25,51
2011-03-26,180
2011-03-27,83
2011-03-28,117
2011-03-29,90
2011-03-30,97
2011-03-31,92
2011-04-01,43
2011-04-02,169
2011-04-03,97
2011-04-04,84
2011-04-05,79
2011-04-06,104
2011-04-07,96
2011-04-08,61
2011-04-09,172
2011-04-10,87
2011-04-11,112
2011-04-12,107
2011-04-13,135
2011-04-14,102
2011-04-15,63
2011-04-16,189
2011-04-17,107
2011-04-18,128
2011-04-19,133
2011-04-20,149
2011-04-21,130
2011-04-22,64
2011-04-23,205
2011-04-24,0
2011-04-25,133
2011-04-26,92
2011-04-27,99
2011-04-28,111
2011-04-29,56
2011-04-30,244
2011-05-01,66
2011-05-02,106
2011-05-03,100
2011-05-04,188
2011-05-05,115
2011-05-06,53
2011-05-07,294
2011-05-08,126
2011-05-09,120
2011-05-10,119
2011-05-11,114
2011-05-12,100
2011-05-13,50
2011-05-14,336
2011-05-15,151
2011-05-16,187
2011-05-17,141
2011-05-18,128
2011-05-19,113
2011-05-20,141
2011-05-21,299
2011-05-22,127
2011-05-23,176
2011-05-24,161
2011-05-25,195
2011-05-26,143
2011-05-27,196
2011-05-28,591
2011-05-29,292
2011-05-30,812
2011-05-31,585
2011-06-01,831
2011-06-02,749
2011-06-03,742
2011-06-04,869
2011-06-05,447
2011-06-06,974
2011-06-07,927
2011-06-08,1197
2011-06-09,892
2011-06-10,639
2011-06-11,819
2011-06-12,385
2011-06-13,823
2011-06-14,968
2011-06-15,924
2011-06-16,940
2011-06-17,642
2011-06-18,777
2011-06-19,267
2011-06-20,624
2011-06-21,1064
2011-06-22,967
2011-06-23,888
2011-06-24,632
2011-06-25,729
2011-06-26,412
2011-06-27,887
2011-06-28,845
2011-06-29,819
2011-06-30,719
2011-07-01,595
2011-07-02,755
2011-07-03,301
2011-07-04,323
2011-07-05,695
2011-07-06,833
2011-07-07,978
2011-07-08,597
2011-07-09,771
2011-07-10,442
2011-07-11,475
2011-07-12,645
2011-07-13,674
2011-07-14,675
2011-07-15,463
2011-07-16,570
2011-07-17,359
2011-07-18,556
2011-07-19,634
2011-07-20,506
2011-07-21,475
2011-07-22,446
2011-07-23,603
2011-07-24,349
2011-07-25,447
2011-07-26,641
2011-07-27,567
2011-07-28,564
2011-07-29,326
2011-07-30,425
2011-07-31,225
2011-08-01,516
2011-08-02,502
2011-08-03,414
2011-08-04,512
2011-08-05,310
2011-08-06,391
2011-08-07,272
2011-08-08,495
2011-08-09,490
2011-08-10,430
2011-08-11,399
2011-08-12,422
2011-08-13,304
2011-08-14,183
2011-08-15,111
2011-08-16,115
2011-08-17,58
2011-08-18,88
2011-08-19,32
2011-08-20,177
2011-08-21,134
2011-08-22,152
2011-08-23,163
2011-08-24,88
2011-08-25,99
2011-08-26,73
2011-08-27,218
2011-08-28,182
2011-08-29,96
2011-08-30,111
2011-08-31,86
2011-09-01,63
2011-09-02,56
2011-09-03,179
2011-09-04,110
2011-09-05,89
2011-09-06,92
2011-09-07,106
2011-09-08,87
2011-09-09,39
2011-09-10,105
2011-09-11,84
2011-09-12,87
2011-09-13,104
2011-09-14,101
2011-09-15,76
2011-09-16,53
2011-09-17,97
2011-09-18,66
2011-09-19,85
2011-09-20,88
2011-09-21,90
2011-09-22,77
2011-09-23,55
2011-09-24,103
2011-09-25,70
2011-09-26,84
2011-09-27,84
2011-09-28,95
2011-09-29,68
2011-09-30,45
2011-10-01,104
2011-10-02,104
2011-10-03,69
2011-10-04,84
2011-10-05,80
2011-10-06,69
2011-10-07,38
2011-10-08,74
2011-10-09,71
2011-10-10,75
2011-10-11,74
2011-10-12,108
2011-10-13,93
2011-10-14,44
2011-10-15,78
2011-10-16,90
2011-10-17,84
2011-10-18,87
2011-10-19,101
2011-10-20,75
2011-10-21,46
2011-10-22,111
2011-10-23,75
2011-10-24,71
2011-10-25,75
2011-10-26,78
2011-10-27,59
2011-10-28,42
2011-10-29,61
2011-10-30,65
2011-10-31,55
2011-11-01,79
2011-11-02,70
2011-11-03,70
2011-11-04,32
2011-11-05,78
2011-11-06,55
2011-11-07,72
2011-11-08,62
2011-11-09,88
2011-11-10,70
2011-11-11,54
2011-11-12,64
2011-11-13,64
2011-11-14,86
2011-11-15,110
2011-11-16,107
2011-11-17,73
2011-11-18,51
2011-11-19,73
2011-11-20,75
2011-11-21,82
2011-11-22,77
2011-11-23,82
2011-11-24,0
2011-11-25,50
2011-11-26,61
2011-11-27,77
2011-11-28,110
2011-11-29,90
2011-11-30,92
2011-12-01,67
2011-12-02,42
2011-12-03,69
2011-12-04,59
2011-12-05,39
2011-12-06,61
2011-12-07,67
2011-12-08,67
2011-12-09,45
2011-12-10,96
2011-12-11,79
2011-12-12,83
2011-12-13,71
2011-12-14,78
2011-12-15,61
2011-12-16,56
2011-12-17,53
2011-12-18,90
2011-12-19,41
2011-12-20,50
2011-12-21,85
2011-12-22,60
2011-12-23,31
2011-12-24,0
2011-12-25,0
2011-12-26,93
2011-12-27,87
2011-12-28,114
2011-12-29,93
2011-12-30,101
2011-12-31,0
2012-01-01,0
2012-01-02,88
2012-01-03,83
2012-01-04,106
2012-01-05,104
2012-01-06,47
2012-01-07,127
2012-01-08,127
2012-01-09,110
2012-01-10,91
2012-01-11,87
2012-01-12,124
2012-01-13,60
2012-01-14,117
2012-01-15,115
2012-01-16,106
2012-01-17,109
2012-01-18,83
2012-01-19,100
2012-01-20,60
2012-01-21,103
2012-01-22,81
2012-01-23,109
2012-01-24,101
2012-01-25,114
2012-01-26,98
2012-01-27,65
2012-01-28,121
2012-01-29,102
2012-01-30,108
2012-01-31,104
2012-02-01,120
2012-02-02,102
2012-02-03,63
2012-02-04,100
2012-02-05,91
2012-02-06,94
2012-02-07,85
2012-02-08,103
2012-02-09,75
2012-02-10,62
2012-02-11,76
2012-02-12,83
2012-02-13,82
2012-02-14,58
2012-02-15,55
2012-02-16,46
2012-02-17,49
2012-02-18,70
2012-02-19,83
2012-02-20,81
2012-02-21,85
2012-02-22,111
2012-02-23,74
2012-02-24,55
2012-02-25,105
2012-02-26,113
2012-02-27,117
2012-02-28,117
2012-02-29,98
2012-03-01,70
2012-03-02,53
2012-03-03,115
2012-03-04,79
2012-03-05,122
2012-03-06,110
2012-03-07,126
2012-03-08,81
2012-03-09,52
2012-03-10,89
2012-03-11,129
2012-03-12,159
2012-03-13,171
2012-03-14,214
2012-03-15,215
2012-03-16,50
2012-03-17,151
2012-03-18,110
2012-03-19,104
2012-03-20,113
2012-03-21,151
2012-03-22,98
2012-03-23,66
2012-03-24,219
2012-03-25,115
2012-03-26,167
2012-03-27,152
2012-03-28,159
2012-03-29,162
2012-03-30,55
2012-03-31,283
2012-04-01,144
2012-04-02,105
2012-04-03,90
2012-04-04,143
2012-04-05,125
2012-04-06,59
2012-04-07,190
2012-04-08,0
2012-04-09,156
2012-04-10,129
2012-04-11,175
2012-04-12,100
2012-04-13,71
2012-04-14,175
2012-04-15,59
2012-04-16,134
2012-04-17,126
2012-04-18,147
2012-04-19,124
2012-04-20,70
2012-04-21,296
2012-04-22,165
2012-04-23,72
2012-04-24,194
2012-04-25,210
2012-04-26,135
2012-04-27,51
2012-04-28,167
2012-04-29,212
2012-04-30,198
2012-05-01,166
2012-05-02,134
2012-05-03,156
2012-05-04,59
2012-05-05,336
2012-05-06,357
2012-05-07,144
2012-05-08,95
2012-05-09,152
2012-05-10,116
2012-05-11,62
2012-05-12,312
2012-05-13,79
2012-05-14,148
2012-05-15,158
2012-05-16,167
2012-05-17,191
2012-05-18,56
2012-05-19,320
2012-05-20,220
2012-05-21,244
2012-05-22,246
2012-05-23,234
2012-05-24,233
2012-05-25,55
2012-05-26,556
2012-05-27,246
2012-05-28,681
2012-05-29,573
2012-05-30,748
2012-05-31,792
2012-06-01,585
2012-06-02,803
2012-06-03,444
2012-06-04,420
2012-06-05,830
2012-06-06,878
2012-06-07,1001
2012-06-08,743
2012-06-09,731
2012-06-10,390
2012-06-11,594
2012-06-12,648
2012-06-13,689
2012-06-14,649
2012-06-15,473
2012-06-16,344
2012-06-17,250
2012-06-18,664
2012-06-19,699
2012-06-20,666
2012-06-21,529
2012-06-22,540
2012-06-23,542
2012-06-24,458
2012-06-25,697
2012-06-26,924
2012-06-27,823
2012-06-28,743
2012-06-29,536
2012-06-30,657
2012-07-01,388
2012-07-02,710
2012-07-03,624
2012-07-04,411
2012-07-05,285
2012-07-06,337
2012-07-07,238
2012-07-08,320
2012-07-09,402
2012-07-10,515
2012-07-11,537
2012-07-12,489
2012-07-13,464
2012-07-14,498
2012-07-15,326
2012-07-16,447
2012-07-17,579
2012-07-18,466
2012-07-19,651
2012-07-20,479
2012-07-21,535
2012-07-22,256
2012-07-23,384
2012-07-24,397
2012-07-25,481
2012-07-26,334
2012-07-27,387
2012-07-28,412
2012-07-29,314
2012-07-30,529
2012-07-31,486
2012-08-01,504
2012-08-02,524
2012-08-03,409
2012-08-04,389
2012-08-05,273
2012-08-06,417
2012-08-07,426
2012-08-08,447
2012-08-09,421
2012-08-10,338
2012-08-11,510
2012-08-12,296
2012-08-13,106
2012-08-14,105
2012-08-15,130
2012-08-16,51
2012-08-17,62
2012-08-18,342
2012-08-19,377
2012-08-20,107
2012-08-21,128
2012-08-22,131
2012-08-23,120
2012-08-24,73
2012-08-25,238
2012-08-26,301
2012-08-27,128
2012-08-28,167
2012-08-29,113
2012-08-30,114
2012-08-31,67
2012-09-01,182
2012-09-02,310
2012-09-03,134
2012-09-04,130
2012-09-05,124
2012-09-06,122
2012-09-07,61
2012-09-08,88
2012-09-09,167
2012-09-10,121
2012-09-11,142
2012-09-12,104
2012-09-13,94
2012-09-14,86
2012-09-15,132
2012-09-16,125
2012-09-17,98
2012-09-18,91
2012-09-19,86
2012-09-20,76
2012-09-21,55
2012-09-22,87
2012-09-23,123
2012-09-24,92
2012-09-25,107
2012-09-26,103
2012-09-27,97
2012-09-28,48
2012-09-29,72
2012-09-30,113
2012-10-01,135
2012-10-02,121
2012-10-03,118
2012-10-04,85
2012-10-05,62
2012-10-06,92
2012-10-07,105
2012-10-08,92
2012-10-09,94
2012-10-10,98
2012-10-11,57
2012-10-12,50
2012-10-13,85
2012-10-14,91
2012-10-15,71
2012-10-16,89
2012-10-17,106
2012-10-18,67
2012-10-19,56
2012-10-20,59
2012-10-21,111
2012-10-22,87
2012-10-23,96
2012-10-24,90
2012-10-25,74
2012-10-26,58
2012-10-27,84
2012-10-28,78
2012-10-29,85
2012-10-30,88
2012-10-31,67
2012-11-01,69
2012-11-02,46
2012-11-03,77
2012-11-04,92
2012-11-05,88
2012-11-06,75
2012-11-07,74
2012-11-08,60
2012-11-09,59
2012-11-10,34
2012-11-11,73
2012-11-12,78
2012-11-13,81
2012-11-14,95
2012-11-15,60
2012-11-16,62
2012-11-17,54
2012-11-18,83
2012-11-19,86
2012-11-20,86
2012-11-21,86
2012-11-22,0
2012-11-23,64
2012-11-24,84
2012-11-25,83
2012-11-26,90
2012-11-27,68
2012-11-28,75
2012-11-29,83
2012-11-30,57
2012-12-01,77
2012-12-02,110
2012-12-03,88
2012-12-04,93
2012-12-05,85
2012-12-06,83
2012-12-07,45
2012-12-08,89
2012-12-09,80
2012-12-10,58
2012-12-11,83
2012-12-12,90
2012-12-13,66
2012-12-14,54
2012-12-15,73
2012-12-16,71
2012-12-17,84
2012-12-18,80
2012-12-19,73
2012-12-20,67
2012-12-21,63
2012-12-22,83
2012-12-23,79
2012-12-24,59
2012-12-25,0
2012-12-26,109
2012-12-27,88
2012-12-28,92
2012-12-29,131
2012-12-30,89
2012-12-31,71
2013-01-01,0
2013-01-02,124
2013-01-03,80
2013-01-04,68
2013-01-05,106
2013-01-06,126
2013-01-07,91
2013-01-08,95
2013-01-09,111
2013-01-10,106
2013-01-11,55
2013-01-12,103
2013-01-13,153
2013-01-14,74
2013-01-15,50
2013-01-16,84
2013-01-17,94
2013-01-18,51
2013-01-19,128
2013-01-20,139
2013-01-21,83
2013-01-22,95
2013-01-23,102
2013-01-24,92
2013-01-25,45
2013-01-26,91
2013-01-27,129
2013-01-28,93
2013-01-29,78
2013-01-30,98
2013-01-31,85
2013-02-01,66
2013-02-02,117
2013-02-03,137
2013-02-04,86
2013-02-05,121
2013-02-06,111
2013-02-07,88
2013-02-08,58
2013-02-09,100
2013-02-10,161
2013-02-11,93
2013-02-12,90
2013-02-13,99
2013-02-14,72
2013-02-15,46
2013-02-16,117
2013-02-17,128
2013-02-18,104
2013-02-19,106
2013-02-20,103
2013-02-21,48
2013-02-22,63
2013-02-23,91
2013-02-24,126
2013-02-25,77
2013-02-26,84
2013-02-27,83
2013-02-28,69
2013-03-01,60
2013-03-02,136
2013-03-03,168
2013-03-04,88
2013-03-05,63
2013-03-06,89
2013-03-07,72
2013-03-08,48
2013-03-09,98
2013-03-10,177
2013-03-11,167
2013-03-12,198
2013-03-13,177
2013-03-14,195
2013-03-15,49
2013-03-16,219
2013-03-17,223
2013-03-18,133
2013-03-19,123
2013-03-20,129
2013-03-21,129
2013-03-22,59
2013-03-23,117
2013-03-24,196
2013-03-25,115
2013-03-26,131
2013-03-27,105
2013-03-28,107
2013-03-29,58
2013-03-30,160
2013-03-31,0
2013-04-01,119
2013-04-02,110
2013-04-03,113
2013-04-04,107
2013-04-05,65
2013-04-06,251
2013-04-07,277
2013-04-08,138
2013-04-09,102
2013-04-10,103
2013-04-11,119
2013-04-12,52
2013-04-13,217
2013-04-14,254
2013-04-15,164
2013-04-16,149
2013-04-17,115
2013-04-18,103
2013-04-19,54
2013-04-20,164
2013-04-21,281
2013-04-22,174
2013-04-23,110
2013-04-24,125
2013-04-25,87
2013-04-26,58
2013-04-27,295
2013-04-28,385
2013-04-29,186
2013-04-30,172
2013-05-01,151
2013-05-02,118
2013-05-03,51
2013-05-04,339
2013-05-05,252
2013-05-06,140
2013-05-07,133
2013-05-08,120
2013-05-09,135
2013-05-10,49
2013-05-11,188
2013-05-12,252
2013-05-13,169
2013-05-14,151
2013-05-15,165
2013-05-16,158
2013-05-17,66
2013-05-18,305
2013-05-19,357
2013-05-20,164
2013-05-21,192
2013-05-22,201
2013-05-23,356
2013-05-24,62
2013-05-25,665
2013-05-26,237
2013-05-27,563
2013-05-28,629
2013-05-29,600
2013-05-30,671
2013-05-31,525
2013-06-01,656
2013-06-02,294
2013-06-03,738
2013-06-04,932
2013-06-05,770
2013-06-06,827
2013-06-07,650
2013-06-08,826
2013-06-09,483
2013-06-10,962
2013-06-11,1042
2013-06-12,877
2013-06-13,670
2013-06-14,531
2013-06-15,663
2013-06-16,331
2013-06-17,787
2013-06-18,634
2013-06-19,713
2013-06-20,785
2013-06-21,485
2013-06-22,598
2013-06-23,464
2013-06-24,682
2013-06-25,572
2013-06-26,762
2013-06-27,844
2013-06-28,541
2013-06-29,559
2013-06-30,454
2013-07-01,553
2013-07-02,577
2013-07-03,468
2013-07-04,374
2013-07-05,469
2013-07-06,415
2013-07-07,351
2013-07-08,544
2013-07-09,529
2013-07-10,699
2013-07-11,560
2013-07-12,386
2013-07-13,531
2013-07-14,406
2013-07-15,266
2013-07-16,350
2013-07-17,474
2013-07-18,426
2013-07-19,350
2013-07-20,291
2013-07-21,321
2013-07-22,430
2013-07-23,492
2013-07-24,287
2013-07-25,370
2013-07-26,286
2013-07-27,278
2013-07-28,177
2013-07-29,415
2013-07-30,577
2013-07-31,488
2013-08-01,393
2013-08-02,310
2013-08-03,360
2013-08-04,289
2013-08-05,351
2013-08-06,515
2013-08-07,331
2013-08-08,321
2013-08-09,227
2013-08-10,206
2013-08-11,190
2013-08-12,155
2013-08-13,150
2013-08-14,131
2013-08-15,103
2013-08-16,59
2013-08-17,273
2013-08-18,418
2013-08-19,126
2013-08-20,78
2013-08-21,146
2013-08-22,132
2013-08-23,57
2013-08-24,224
2013-08-25,254
2013-08-26,118
2013-08-27,126
2013-08-28,122
2013-08-29,113
2013-08-30,71
2013-08-31,270
2013-09-01,331
2013-09-02,99
2013-09-03,101
2013-09-04,113
2013-09-05,130
2013-09-06,56
2013-09-07,212
2013-09-08,201
2013-09-09,112
2013-09-10,71
2013-09-11,115
2013-09-12,91
2013-09-13,38
2013-09-14,105
2013-09-15,133
2013-09-16,119
2013-09-17,115
2013-09-18,83
2013-09-19,80
2013-09-20,48
2013-09-21,96
2013-09-22,76
2013-09-23,79
2013-09-24,99
2013-09-25,105
2013-09-26,84
2013-09-27,57
2013-09-28,73
2013-09-29,91
2013-09-30,90
2013-10-01,94
2013-10-02,88
2013-10-03,95
2013-10-04,45
2013-10-05,52
2013-10-06,61
2013-10-07,103
2013-10-08,95
2013-10-09,90
2013-10-10,85
2013-10-11,45
2013-10-12,102
2013-10-13,87
2013-10-14,97
2013-10-15,101
2013-10-16,140
2013-10-17,94
2013-10-18,78
2013-10-19,91
2013-10-20,124
2013-10-21,103
2013-10-22,120
2013-10-23,132
2013-10-24,98
2013-10-25,74
2013-10-26,95
2013-10-27,72
2013-10-28,106
2013-10-29,116
2013-10-30,115
2013-10-31,75
2013-11-01,80
2013-11-02,74
2013-11-03,96
2013-11-04,79
2013-11-05,98
2013-11-06,101
2013-11-07,102
2013-11-08,52
2013-11-09,74
2013-11-10,107
2013-11-11,86
2013-11-12,120
2013-11-13,105
2013-11-14,116
2013-11-15,64
2013-11-16,99
2013-11-17,109
2013-11-18,102
2013-11-19,106
2013-11-20,69
2013-11-21,85
2013-11-22,55
2013-11-23,85
2013-11-24,55
2013-11-25,71
2013-11-26,94
2013-11-27,103
2013-11-28,0
2013-11-29,58
2013-11-30,62
2013-12-01,86
2013-12-02,75
2013-12-03,131
2013-12-04,87
2013-12-05,24
2013-12-06,56
2013-12-07,96
2013-12-08,76
2013-12-09,76
2013-12-10,84
2013-12-11,89
2013-12-12,82
2013-12-13,62
2013-12-14,80
2013-12-15,80
2013-12-16,88
2013-12-17,105
2013-12-18,103
2013-12-19,95
2013-12-20,74
2013-12-21,67
2013-12-22,94
2013-12-23,104
2013-12-24,75
2013-12-25,0
2013-12-26,126
2013-12-27,76
2013-12-28,95
2013-12-29,133
2013-12-30,133
2013-12-31,79
2014-01-01,0
2014-01-02,144
2014-01-03,46
2014-01-04,117
2014-01-05,135
2014-01-06,118
2014-01-07,91
2014-01-08,105
2014-01-09,99
2014-01-10,68
2014-01-11,115
2014-01-12,138
2014-01-13,95
2014-01-14,115
2014-01-15,117
2014-01-16,114
2014-01-17,64
2014-01-18,116
2014-01-19,135
2014-01-20,96
2014-01-21,117
2014-01-22,104
2014-01-23,89
2014-01-24,53
2014-01-25,145
2014-01-26,112
2014-01-27,80
2014-01-28,90
2014-01-29,118
2014-01-30,104
2014-01-31,76
2014-02-01,112
2014-02-02,116
2014-02-03,106
2014-02-04,105
2014-02-05,91
2014-02-06,64
2014-02-07,62
2014-02-08,107
2014-02-09,146
2014-02-10,113
2014-02-11,114
2014-02-12,113
2014-02-13,95
2014-02-14,67
2014-02-15,157
2014-02-16,178
2014-02-17,145
2014-02-18,158
2014-02-19,130
2014-02-20,124
2014-02-21,71
2014-02-22,169
2014-02-23,168
2014-02-24,125
2014-02-25,143
2014-02-26,96
2014-02-27,128
2014-02-28,73
2014-03-01,113
2014-03-02,142
2014-03-03,144
2014-03-04,132
2014-03-05,114
2014-03-06,120
2014-03-07,151
2014-03-08,124
2014-03-09,189
2014-03-10,127
2014-03-11,136
2014-03-12,139
2014-03-13,122
2014-03-14,149
2014-03-15,158
2014-03-16,189
2014-03-17,141
2014-03-18,125
2014-03-19,109
2014-03-20,85
2014-03-21,62
2014-03-22,142
2014-03-23,255
2014-03-24,145
2014-03-25,161
2014-03-26,114
2014-03-27,122
2014-03-28,153
2014-03-29,191
2014-03-30,208
2014-03-31,103
2014-04-01,134
2014-04-02,123
2014-04-03,114
2014-04-04,59
2014-04-05,177
2014-04-06,251
2014-04-07,169
2014-04-08,144
2014-04-09,195
2014-04-10,147
2014-04-11,159
2014-04-12,171
2014-04-13,272
2014-04-14,137
2014-04-15,217
2014-04-16,247
2014-04-17,210
2014-04-18,71
2014-04-19,168
2014-04-20,0
2014-04-21,201
2014-04-22,169
2014-04-23,165
2014-04-24,130
2014-04-25,197
2014-04-26,230
2014-04-27,167
2014-04-28,152
2014-04-29,120
2014-04-30,121
2014-05-01,107
2014-05-02,130
2014-05-03,250
2014-05-04,416
2014-05-05,191
2014-05-06,172
2014-05-07,135
2014-05-08,101
2014-05-09,61
2014-05-10,269
2014-05-11,147
2014-05-12,115
2014-05-13,94
2014-05-14,120
2014-05-15,137
2014-05-16,59
2014-05-17,408
2014-05-18,502
2014-05-19,224
2014-05-20,232
2014-05-21,198
2014-05-22,235
2014-05-23,56
2014-05-24,178
2014-05-25,171
2014-05-26,427
2014-05-27,834
2014-05-28,956
2014-05-29,768
2014-05-30,457
2014-05-31,781
2014-06-01,455
2014-06-02,933
2014-06-03,950
2014-06-04,931
2014-06-05,975
2014-06-06,839
2014-06-07,746
2014-06-08,383
2014-06-09,758
2014-06-10,846
2014-06-11,738
2014-06-12,552
2014-06-13,396
2014-06-14,535
2014-06-15,282
2014-06-16,631
2014-06-17,449
2014-06-18,374
2014-06-19,715
2014-06-20,545
2014-06-21,816
2014-06-22,466
2014-06-23,684
2014-06-24,625
2014-06-25,722
2014-06-26,730
2014-06-27,487
2014-06-28,679
2014-06-29,435
2014-06-30,721
2014-07-01,590
2014-07-02,607
2014-07-03,608
2014-07-04,267
2014-07-05,535
2014-07-06,336
2014-07-07,657
2014-07-08,569
2014-07-09,510
2014-07-10,553
2014-07-11,483
2014-07-12,522
2014-07-13,197
2014-07-14,482
2014-07-15,276
2014-07-16,373
2014-07-17,454
2014-07-18,439
2014-07-19,589
2014-07-20,311
2014-07-21,559
2014-07-22,569
2014-07-23,490
2014-07-24,636
2014-07-25,436
2014-07-26,641
2014-07-27,191
2014-07-28,369
2014-07-29,332
2014-07-30,406
2014-07-31,338
2014-08-01,256
2014-08-02,192
2014-08-03,198
2014-08-04,279
2014-08-05,513
2014-08-06,436
2014-08-07,268
2014-08-08,314
2014-08-09,281
2014-08-10,190
2014-08-11,151
2014-08-12,187
2014-08-13,90
2014-08-14,118
2014-08-15,47
2014-08-16,262
2014-08-17,379
2014-08-18,131
2014-08-19,153
2014-08-20,124
2014-08-21,155
2014-08-22,62
2014-08-23,192
2014-08-24,291
2014-08-25,151
2014-08-26,161
2014-08-27,112
2014-08-28,105
2014-08-29,53
2014-08-30,223
2014-08-31,251
2014-09-01,132
2014-09-02,139
2014-09-03,116
2014-09-04,88
2014-09-05,55
2014-09-06,178
2014-09-07,190
2014-09-08,111
2014-09-09,132
2014-09-10,113
2014-09-11,96
2014-09-12,68
2014-09-13,80
2014-09-14,141
2014-09-15,83
2014-09-16,86
2014-09-17,110
2014-09-18,99
2014-09-19,67
2014-09-20,168
2014-09-21,160
2014-09-22,81
2014-09-23,128
2014-09-24,105
2014-09-25,97
2014-09-26,68
2014-09-27,137
2014-09-28,169
2014-09-29,89
2014-09-30,97
2014-10-01,110
2014-10-02,82
2014-10-03,56
2014-10-04,95
2014-10-05,146
2014-10-06,90
2014-10-07,84
2014-10-08,77
2014-10-09,72
2014-10-10,48
2014-10-11,78
2014-10-12,89
2014-10-13,114
2014-10-14,67
2014-10-15,77
2014-10-16,92
2014-10-17,68
2014-10-18,79
2014-10-19,97
2014-10-20,71
2014-10-21,109
2014-10-22,87
2014-10-23,69
2014-10-24,49
2014-10-25,85
2014-10-26,116
2014-10-27,75
2014-10-28,67
2014-10-29,83
2014-10-30,56
2014-10-31,48
2014-11-01,88
2014-11-02,76
2014-11-03,74
2014-11-04,69
2014-11-05,70
2014-11-06,74
2014-11-07,40
2014-11-08,95
2014-11-09,96
2014-11-10,107
2014-11-11,109
2014-11-12,82
2014-11-13,76
2014-11-14,59
2014-11-15,58
2014-11-16,124
2014-11-17,80
2014-11-18,89
2014-11-19,90
2014-11-20,64
2014-11-21,37
2014-11-22,94
2014-11-23,121
2014-11-24,83
2014-11-25,68
2014-11-26,80
2014-11-27,0
2014-11-28,64
2014-11-29,86
2014-11-30,89
2014-12-01,74
2014-12-02,88
2014-12-03,74
2014-12-04,70
2014-12-05,49
2014-12-06,75
2014-12-07,110
2014-12-08,82
2014-12-09,79
2014-12-10,94
2014-12-11,80
2014-12-12,55
2014-12-13,77
2014-12-14,86
2014-12-15,75
2014-12-16,74
2014-12-17,65
2014-12-18,80
2014-12-19,68
2014-12-20,76
2014-12-21,80
2014-12-22,93
2014-12-23,78
2014-12-24,62
2014-12-25,0
2014-12-26,63
2014-12-27,87
2014-12-28,84
2014-12-29,55
2014-12-30,89
2014-12-31,59
2015-01-01,0
2015-01-02,73
2015-01-03,80
2015-01-04,118
2015-01-05,98
2015-01-06,88
2015-01-07,75
2015-01-08,78
2015-01-09,62
2015-01-10,100
2015-01-11,106
2015-01-12,101
2015-01-13,70
2015-01-14,75
2015-01-15,87
2015-01-16,59
2015-01-17,93
2015-01-18,121
2015-01-19,86
2015-01-20,98
2015-01-21,66
2015-01-22,63
2015-01-23,53
2015-01-24,103
2015-01-25,112
2015-01-26,95
2015-01-27,76
2015-01-28,101
2015-01-29,67
2015-01-30,51
2015-01-31,84
2015-02-01,122
2015-02-02,83
2015-02-03,95
2015-02-04,98
2015-02-05,77
2015-02-06,49
2015-02-07,123
2015-02-08,172
2015-02-09,88
2015-02-10,78
2015-02-11,119
2015-02-12,89
2015-02-13,38
2015-02-14,72
2015-02-15,130
2015-02-16,102
2015-02-17,99
2015-02-18,104
2015-02-19,101
2015-02-20,41
2015-02-21,131
2015-02-22,92
2015-02-23,72
2015-02-24,85
2015-02-25,90
2015-02-26,94
2015-02-27,14
2015-02-28,0
2015-03-01,112
2015-03-02,98
2015-03-03,95
2015-03-04,99
2015-03-05,95
2015-03-06,54
2015-03-07,120
2015-03-08,179
2015-03-09,96
2015-03-10,105
2015-03-11,88
2015-03-12,105
2015-03-13,61
2015-03-14,147
2015-03-15,168
2015-03-16,125
2015-03-17,89
2015-03-18,111
2015-03-19,102
2015-03-20,58
2015-03-21,169
2015-03-22,160
2015-03-23,138
2015-03-24,110
2015-03-25,128
2015-03-26,111
2015-03-27,51
2015-03-28,188
2015-03-29,284
2015-03-30,262
2015-03-31,249
2015-04-01,240
2015-04-02,231
2015-04-03,66
2015-04-04,216
2015-04-05,0
2015-04-06,144
2015-04-07,118
2015-04-08,144
2015-04-09,124
2015-04-10,46
2015-04-11,266
2015-04-12,215
2015-04-13,140
2015-04-14,118
2015-04-15,93
2015-04-16,89
2015-04-17,47
2015-04-18,133
2015-04-19,212
2015-04-20,111
2015-04-21,116
2015-04-22,135
2015-04-23,115
2015-04-24,49
2015-04-25,140
2015-04-26,160
2015-04-27,126
2015-04-28,99
2015-04-29,152
2015-04-30,106
2015-05-01,56
2015-05-02,192
2015-05-03,287
2015-05-04,69
2015-05-05,103
2015-05-06,146
2015-05-07,133
2015-05-08,60
2015-05-09,127
2015-05-10,161
2015-05-11,147
2015-05-12,124
2015-05-13,141
2015-05-14,134
2015-05-15,63
2015-05-16,146
2015-05-17,197
2015-05-18,103
2015-05-19,142
2015-05-20,178
2015-05-21,81
2015-05-22,68
2015-05-23,321
2015-05-24,174
2015-05-25,262
2015-05-26,431
2015-05-27,435
2015-05-28,575
2015-05-29,449
2015-05-30,424
2015-05-31,273
2015-06-01,833
2015-06-02,924
2015-06-03,894
2015-06-04,778
2015-06-05,549
2015-06-06,485
2015-06-07,248
2015-06-08,826
2015-06-09,705
2015-06-10,804
2015-06-11,719
2015-06-12,515
2015-06-13,351
2015-06-14,338
2015-06-15,605
2015-06-16,703
2015-06-17,768
2015-06-18,855
2015-06-19,721
2015-06-20,728
2015-06-21,369
2015-06-22,880
2015-06-23,796
2015-06-24,784
2015-06-25,752
2015-06-26,409
2015-06-27,615
2015-06-28,385
2015-06-29,624
2015-06-30,614
2015-07-01,598
2015-07-02,448
2015-07-03,481
2015-07-04,253
2015-07-05,280
2015-07-06,536
2015-07-07,390
2015-07-08,462
2015-07-09,283
2015-07-10,372
2015-07-11,344
2015-07-12,337
2015-07-13,482
2015-07-14,458
2015-07-15,539
2015-07-16,466
2015-07-17,315
2015-07-18,411
2015-07-19,271
2015-07-20,434
2015-07-21,486
2015-07-22,567
2015-07-23,654
2015-07-24,484
2015-07-25,490
2015-07-26,297
2015-07-27,436
2015-07-28,413
2015-07-29,312
2015-07-30,255
2015-07-31,298
2015-08-01,425
2015-08-02,192
2015-08-03,333
2015-08-04,476
2015-08-05,406
2015-08-06,398
2015-08-07,233
2015-08-08,244
2015-08-09,203
2015-08-10,111
2015-08-11,189
2015-08-12,215
2015-08-13,129
2015-08-14,63
2015-08-15,391
2015-08-16,382
2015-08-17,154
2015-08-18,131
2015-08-19,133
2015-08-20,113
2015-08-21,59
2015-08-22,228
2015-08-23,246
2015-08-24,145
2015-08-25,104
2015-08-26,70
2015-08-27,128
2015-08-28,47
2015-08-29,222
2015-08-30,259
2015-08-31,33
2015-09-01,88
2015-09-02,94
2015-09-03,104
2015-09-04,39
2015-09-05,171
2015-09-06,209
2015-09-07,91
2015-09-08,115
2015-09-09,137
2015-09-10,107
2015-09-11,52
2015-09-12,188
2015-09-13,180
2015-09-14,117
2015-09-15,108
2015-09-16,82
2015-09-17,107
2015-09-18,51
2015-09-19,103
2015-09-20,158
2015-09-21,106
2015-09-22,80
2015-09-23,125
2015-09-24,85
2015-09-25,66
2015-09-26,122
2015-09-27,173
2015-09-28,135
2015-09-29,112
2015-09-30,116
2015-10-01,99
2015-10-02,74
2015-10-03,107
2015-10-04,102
2015-10-05,110
2015-10-06,84
2015-10-07,115
2015-10-08,111
2015-10-09,58
2015-10-10,70
2015-10-11,115
2015-10-12,96
2015-10-13,94
2015-10-14,91
2015-10-15,106
2015-10-16,63
2015-10-17,129
2015-10-18,105
2015-10-19,97
2015-10-20,70
2015-10-21,62
2015-10-22,79
2015-10-23,65
2015-10-24,70
2015-10-25,105
2015-10-26,94
2015-10-27,86
2015-10-28,75
2015-10-29,37
2015-10-30,55
2015-10-31,57
2015-11-01,137
2015-11-02,90
2015-11-03,97
2015-11-04,79
2015-11-05,84
2015-11-06,59
2015-11-07,61
2015-11-08,97
2015-11-09,92
2015-11-10,98
2015-11-11,73
2015-11-12,93
2015-11-13,54
2015-11-14,73
2015-11-15,85
2015-11-16,64
2015-11-17,72
2015-11-18,83
2015-11-19,93
2015-11-20,56
2015-11-21,101
2015-11-22,99
2015-11-23,98
2015-11-24,83
2015-11-25,91
2015-11-26,0
2015-11-27,58
2015-11-28,114
2015-11-29,90
2015-11-30,73
2015-12-01,69
2015-12-02,73
2015-12-03,79
2015-12-04,55
2015-12-05,75
2015-12-06,133
2015-12-07,85
2015-12-08,72
2015-12-09,73
2015-12-10,78
2015-12-11,45
2015-12-12,80
2015-12-13,61
2015-12-14,60
2015-12-15,72
2015-12-16,82
2015-12-17,89
2015-12-18,65
2015-12-19,60
2015-12-20,92
2015-12-21,86
2015-12-22,102
2015-12-23,98
2015-12-24,70
2015-12-25,0
2015-12-26,80
2015-12-27,15
2015-12-28,86
2015-12-29,113
2015-12-30,95
2015-12-31,81
2016-01-01,0
2016-01-02,94
2016-01-03,90
2016-01-04,91
2016-01-05,82
2016-01-06,92
2016-01-07,91
2016-01-08,43
2016-01-09,88
2016-01-10,103
2016-01-11,99
2016-01-12,78
2016-01-13,85
2016-01-14,103
2016-01-15,50
2016-01-16,98
2016-01-17,143
2016-01-18,89
2016-01-19,86
2016-01-20,67
2016-01-21,75
2016-01-22,46
2016-01-23,138
2016-01-24,147
2016-01-25,78
2016-01-26,89
2016-01-27,88
2016-01-28,76
2016-01-29,49
2016-01-30,103
2016-01-31,137
2016-02-01,87
2016-02-02,89
2016-02-03,77
2016-02-04,86
2016-02-05,39
2016-02-06,109
2016-02-07,82
2016-02-08,80
2016-02-09,96
2016-02-10,68
2016-02-11,81
2016-02-12,45
2016-02-13,108
2016-02-14,98
2016-02-15,86
2016-02-16,99
2016-02-17,100
2016-02-18,81
2016-02-19,46
2016-02-20,117
2016-02-21,198
2016-02-22,89
2016-02-23,69
2016-02-24,59
2016-02-25,94
2016-02-26,51
2016-02-27,142
2016-02-28,130
2016-02-29,81
2016-03-01,114
2016-03-02,76
2016-03-03,98
2016-03-04,59
2016-03-05,166
2016-03-06,185
2016-03-07,111
2016-03-08,116
2016-03-09,97
2016-03-10,79
2016-03-11,49
2016-03-12,104
2016-03-13,158
2016-03-14,131
2016-03-15,123
2016-03-16,103
2016-03-17,75
2016-03-18,59
2016-03-19,171
2016-03-20,143
2016-03-21,99
2016-03-22,82
2016-03-23,79
2016-03-24,73
2016-03-25,36
2016-03-26,94
2016-03-27,0
2016-03-28,164
2016-03-29,161
2016-03-30,167
2016-03-31,173
2016-04-01,49
2016-04-02,191
2016-04-03,205
2016-04-04,135
2016-04-05,161
2016-04-06,153
2016-04-07,100
2016-04-08,58
2016-04-09,127
2016-04-10,157
2016-04-11,119
2016-04-12,126
2016-04-13,109
2016-04-14,129
2016-04-15,28
2016-04-16,99
2016-04-17,143
2016-04-18,107
2016-04-19,121
2016-04-20,130
2016-04-21,109
2016-04-22,49
2016-04-23,136
2016-04-24,280
2016-04-25,120
2016-04-26,116
2016-04-27,108
2016-04-28,128
2016-04-29,48
2016-04-30,130
2016-05-01,140
2016-05-02,97
2016-05-03,152
2016-05-04,120
2016-05-05,136
2016-05-06,63
2016-05-07,199
2016-05-08,88
2016-05-09,130
2016-05-10,149
2016-05-11,148
2016-05-12,130
2016-05-13,38
2016-05-14,291
2016-05-15,406
2016-05-16,206
2016-05-17,102
2016-05-18,100
2016-05-19,134
2016-05-20,49
2016-05-21,355
2016-05-22,518
2016-05-23,198
2016-05-24,198
2016-05-25,253
2016-05-26,304
2016-05-27,64
2016-05-28,465
2016-05-29,299
2016-05-30,787
2016-05-31,362
2016-06-01,368
2016-06-02,614
2016-06-03,596
2016-06-04,565
2016-06-05,421
2016-06-06,668
2016-06-07,865
2016-06-08,921
2016-06-09,900
2016-06-10,812
2016-06-11,693
2016-06-12,415
2016-06-13,627
2016-06-14,943
2016-06-15,713
2016-06-16,684
2016-06-17,583
2016-06-18,677
2016-06-19,281
2016-06-20,867
2016-06-21,946
2016-06-22,701
2016-06-23,714
2016-06-24,559
2016-06-25,473
2016-06-26,284
2016-06-27,611
2016-06-28,640
2016-06-29,608
2016-06-30,426
2016-07-01,296
2016-07-02,351
2016-07-03,290
2016-07-04,389
2016-07-05,456
2016-07-06,691
2016-07-07,669
2016-07-08,441
2016-07-09,492
2016-07-10,438
2016-07-11,637
2016-07-12,643
2016-07-13,595
2016-07-14,618
2016-07-15,524
2016-07-16,535
2016-07-17,344
2016-07-18,416
2016-07-19,521
2016-07-20,565
2016-07-21,582
2016-07-22,470
2016-07-23,650
2016-07-24,374
2016-07-25,481
2016-07-26,538
2016-07-27,575
2016-07-28,638
2016-07-29,395
2016-07-30,531
2016-07-31,295
2016-08-01,526
2016-08-02,438
2016-08-03,453
2016-08-04,334
2016-08-05,242
2016-08-06,276
2016-08-07,207
2016-08-08,90
2016-08-09,133
2016-08-10,102
2016-08-11,86
2016-08-12,43
2016-08-13,238
2016-08-14,329
2016-08-15,104
2016-08-16,73
2016-08-17,114
2016-08-18,94
2016-08-19,30
2016-08-20,222
2016-08-21,248
2016-08-22,50
2016-08-23,113
2016-08-24,108
2016-08-25,128
2016-08-26,42
2016-08-27,195
2016-08-28,225
2016-08-29,117
2016-08-30,114
2016-08-31,91
2016-09-01,122
2016-09-02,57
2016-09-03,188
2016-09-04,201
2016-09-05,79
2016-09-06,94
2016-09-07,72
2016-09-08,82
2016-09-09,54
2016-09-10,124
2016-09-11,186
2016-09-12,56
2016-09-13,92
2016-09-14,97
2016-09-15,78
2016-09-16,60
2016-09-17,123
2016-09-18,163
2016-09-19,79
2016-09-20,86
2016-09-21,80
2016-09-22,67
2016-09-23,61
2016-09-24,92
2016-09-25,130
2016-09-26,86
2016-09-27,88
2016-09-28,101
2016-09-29,91
2016-09-30,50
2016-10-01,89
2016-10-02,150
2016-10-03,88
2016-10-04,84
2016-10-05,92
2016-10-06,61
2016-10-07,42
2016-10-08,55
2016-10-09,97
2016-10-10,74
2016-10-11,75
2016-10-12,76
2016-10-13,56
2016-10-14,45
2016-10-15,118
2016-10-16,148
2016-10-17,65
2016-10-18,84
2016-10-19,77
2016-10-20,68
2016-10-21,58
2016-10-22,104
2016-10-23,106
2016-10-24,71
2016-10-25,47
2016-10-26,57
2016-10-27,74
2016-10-28,48
2016-10-29,113
2016-10-30,127
2016-10-31,57
2016-11-01,78
2016-11-02,74
2016-11-03,72
2016-11-04,41
2016-11-05,109
2016-11-06,94
2016-11-07,86
2016-11-08,75
2016-11-09,75
2016-11-10,65
2016-11-11,63
2016-11-12,91
2016-11-13,90
2016-11-14,62
2016-11-15,62
2016-11-16,78
2016-11-17,71
2016-11-18,48
2016-11-19,110
2016-11-20,109
2016-11-21,46
2016-11-22,85
2016-11-23,66
2016-11-24,0
2016-11-25,44
2016-11-26,88
2016-11-27,84
2016-11-28,59
2016-11-29,74
2016-11-30,69
2016-12-01,48
2016-12-02,49
2016-12-03,59
2016-12-04,82
2016-12-05,61
2016-12-06,71
2016-12-07,57
2016-12-08,64
2016-12-09,42
2016-12-10,83
2016-12-11,79
2016-12-12,55
2016-12-13,65
2016-12-14,69
2016-12-15,75
2016-12-16,45
2016-12-17,73
2016-12-18,108
2016-12-19,62
2016-12-20,88
2016-12-21,64
2016-12-22,63
2016-12-23,93
2016-12-24,0
2016-12-25,0
2016-12-26,64
2016-12-27,79
2016-12-28,84
2016-12-29,85
2016-12-30,54
2016-12-31,0
